kappa,1
0.2,0.1410347682561344
0.20080080080080082,0.1414761529313272
0.20160160160160162,0.14191703336029352
0.20240240240240243,0.14235741075807123
0.2032032032032032,0.1427972863371764
0.204004004004004,0.14323666130760684
0.2048048048048048,0.14367553687684545
0.20560560560560562,0.14411391424986417
0.20640640640640642,0.14455179462912726
0.20720720720720723,0.14498917921459517
0.208008008008008,0.14542606920372794
0.2088088088088088,0.14586246579148895
0.20960960960960962,0.14629837017034825
0.21041041041041042,0.1467337835302865
0.21121121121121122,0.14716870705879825
0.21201201201201203,0.14760314194089563
0.21281281281281283,0.14803708935911197
0.21361361361361364,0.14847055049350538
0.21441441441441442,0.14890352652166214
0.21521521521521522,0.1493360186187005
0.21601601601601603,0.14976802795727423
0.21681681681681683,0.15019955570757593
0.21761761761761764,0.15063060303734083
0.21841841841841844,0.1510611711118504
0.21921921921921922,0.15149126109393563
0.22002002002002002,0.15192087414398084
0.22082082082082083,0.1523500114199271
0.22162162162162163,0.15277867407727583
0.22242242242242244,0.15320686326909233
0.22322322322322324,0.15363458014600928
0.22402402402402405,0.15406182585623038
0.22482482482482483,0.1544886015455338
0.22562562562562563,0.15491490835727575
0.22642642642642644,0.155340747432394
0.22722722722722724,0.15576611990941142
0.22802802802802805,0.15619102692443956
0.22882882882882885,0.15661546961118197
0.22962962962962963,0.157039449100938
0.23043043043043043,0.1574629665226062
0.23123123123123124,0.1578860230026877
0.23203203203203204,0.15830861966528995
0.23283283283283285,0.15873075763213013
0.23363363363363365,0.15915243802253862
0.23443443443443446,0.1595736619534625
0.23523523523523526,0.15999443053946927
0.23603603603603604,0.16041474489274998
0.23683683683683684,0.160834606123123
0.23763763763763765,0.16125401533803754
0.23843843843843845,0.16167297364257688
0.23923923923923926,0.16209148213946215
0.24004004004004004,0.16250954192905562
0.24084084084084084,0.16292715410936429
0.24164164164164165,0.16334431977604336
0.24244244244244245,0.16376104002239966
0.24324324324324326,0.16417731593939516
0.24404404404404406,0.16459314861565047
0.24484484484484487,0.16500853913744823
0.24564564564564567,0.16542348858873665
0.24644644644644648,0.16583799805113303
0.24724724724724725,0.166252068603927
0.24804804804804806,0.16666570132408437
0.24884884884884886,0.1670788972862501
0.24964964964964967,0.1674916575627522
0.25045045045045045,0.16790398322360484
0.25125125125125125,0.1683158753365121
0.25205205205205206,0.16872733496687123
0.25285285285285286,0.16913836317777603
0.25365365365365367,0.1695489610300205
0.25445445445445447,0.16995912958210221
0.2552552552552553,0.17036886989022562
0.2560560560560561,0.17077818300830566
0.2568568568568569,0.17118706998797112
0.2576576576576577,0.17159553187856796
0.2584584584584585,0.17200356972716302
0.2592592592592593,0.17241118457854712
0.26006006006006005,0.17281837747523865
0.26086086086086085,0.17322514945748707
0.26166166166166166,0.17363150156327609
0.26246246246246246,0.1740374348283273
0.26326326326326327,0.17444295028610352
0.2640640640640641,0.17484804896781211
0.2648648648648649,0.1752527319024085
0.2656656656656657,0.17565700011659957
0.2664664664664665,0.17606085463484708
0.2672672672672673,0.1764642964793708
0.2680680680680681,0.17686732667015237
0.26886886886886885,0.1772699462249383
0.26966966966966965,0.17767215615924364
0.27047047047047046,0.17807395748635507
0.27127127127127126,0.17847535121733463
0.27207207207207207,0.1788763383610227
0.2728728728728729,0.17927691992404185
0.2736736736736737,0.1796770969107998
0.2744744744744745,0.180076870323493
0.2752752752752753,0.18047624116211006
0.2760760760760761,0.18087521042443483
0.2768768768768769,0.1812737791060502
0.2776776776776777,0.18167194820034105
0.2784784784784785,0.1820697186984979
0.2792792792792793,0.18246709158952001
0.2800800800800801,0.1828640678602191
0.2808808808808809,0.18326064849522228
0.28168168168168173,0.18365683447697578
0.2824824824824825,0.18405262678574796
0.2832832832832833,0.18444802639963298
0.2840840840840841,0.18484303429455387
0.2848848848848849,0.18523765144426607
0.2856856856856857,0.1856318788203606
0.2864864864864865,0.18602571739226756
0.2872872872872873,0.1864191681272593
0.2880880880880881,0.18681223199045396
0.2888888888888889,0.18720490994481853
0.2896896896896897,0.18759720295117233
0.29049049049049047,0.18798911196819046
0.2912912912912913,0.18838063795240678
0.2920920920920921,0.18877178185821758
0.2928928928928929,0.18916254463788462
0.2936936936936937,0.18955292724153866
0.2944944944944945,0.18994293061718262
0.2952952952952953,0.19033255571069488
0.2960960960960961,0.1907218034658327
0.2968968968968969,0.19111067482423547
0.2976976976976977,0.19149917072542796
0.2984984984984985,0.19188729210682365
0.2992992992992993,0.1922750399037281
0.30010010010010013,0.1926624150493421
0.30090090090090094,0.19304941847476492
0.30170170170170174,0.19343605110899792
0.30250250250250255,0.19382231387894747
0.30330330330330335,0.19420820770942843
0.3041041041041041,0.19459373352316728
0.3049049049049049,0.19497889224080558
0.3057057057057057,0.19536368478090319
0.3065065065065065,0.19574811205994136
0.3073073073073073,0.19613217499232616
0.3081081081081081,0.19651587449039182
0.30890890890890893,0.19689921146440378
0.30970970970970974,0.19728218682256213
0.31051051051051054,0.1976648014710047
0.31131131131131135,0.1980470563138106
0.3121121121121121,0.198428952253003
0.3129129129129129,0.1988104901885529
0.3137137137137137,0.19919167101838206
0.3145145145145145,0.1995724956383662
0.3153153153153153,0.19995296494233855
0.3161161161161161,0.20033307982209284
0.3169169169169169,0.20071284116738647
0.31771771771771773,0.20109224986594393
0.31851851851851853,0.20147130680346007
0.31931931931931934,0.20185001286360307
0.32012012012012014,0.20222836892801793
0.32092092092092095,0.2026063758763295
0.32172172172172175,0.20298403458614578
0.32252252252252256,0.20336134593306124
0.32332332332332336,0.2037383107906598
0.32412412412412417,0.20411493003051825
0.324924924924925,0.2044912045222093
0.3257257257257258,0.204867135133305
0.3265265265265266,0.2052427227293797
0.32732732732732733,0.20561796817401334
0.32812812812812814,0.20599287232879485
0.32892892892892894,0.20636743605332492
0.32972972972972975,0.20674166020521964
0.33053053053053055,0.20711554564011342
0.33133133133133136,0.20748909321166215
0.33213213213213216,0.2078623037715467
0.3329329329329329,0.20823517816947565
0.3337337337337337,0.20860771725318888
0.3345345345345345,0.20897992186846054
0.3353353353353353,0.2093517928591022
0.33613613613613613,0.2097233310669661
0.33693693693693694,0.21009453733194836
0.33773773773773774,0.21046541249199205
0.33853853853853855,0.21083595738309033
0.33933933933933935,0.21120617283928986
0.34014014014014016,0.21157605969269355
0.34094094094094096,0.21194561877346402
0.34174174174174177,0.21231485090982682
0.34254254254254257,0.21268375692807323
0.3433433433433434,0.2130523376525637
0.3441441441441442,0.21342059390573095
0.344944944944945,0.21378852650808303
0.3457457457457458,0.21415613627820645
0.3465465465465466,0.2145234240327695
0.3473473473473474,0.2148903905865252
0.3481481481481482,0.21525703675231442
0.34894894894894896,0.21562336334106919
0.34974974974974976,0.21598937116181569
0.35055055055055057,0.2163550610216774
0.35135135135135137,0.2167204337258782
0.3521521521521522,0.21708549007774552
0.352952952952953,0.21745023087871349
0.3537537537537538,0.21781465692832602
0.35455455455455454,0.21817876902423985
0.35535535535535534,0.21854256796222782
0.35615615615615615,0.21890605453618175
0.35695695695695695,0.21926922953811578
0.35775775775775776,0.21963209375816933
0.35855855855855856,0.21999464798461016
0.35935935935935936,0.2203568930038377
0.36016016016016017,0.22071882960038577
0.360960960960961,0.2210804585569261
0.3617617617617618,0.221441780654271
0.3625625625625626,0.22180279667137678
0.3633633633633634,0.22216350738534665
0.3641641641641642,0.22252391357143383
0.364964964964965,0.22288401600304472
0.3657657657657658,0.2232438154517418
0.3665665665665666,0.22360331268724687
0.3673673673673674,0.22396250847744403
0.3681681681681682,0.2243214035883828
0.368968968968969,0.2246799987842811
0.36976976976976983,0.22503829482752846
0.3705705705705706,0.2253962924786889
0.3713713713713714,0.22575399249650413
0.3721721721721722,0.22611139563789645
0.372972972972973,0.22646850265797208
0.3737737737737738,0.22682531431002384
0.3745745745745746,0.22718183134553444
0.37537537537537535,0.22753805451417955
0.37617617617617616,0.2278939845638307
0.37697697697697696,0.2282496222405584
0.37777777777777777,0.22860496828863502
0.3785785785785786,0.22896002345053823
0.3793793793793794,0.22931478846695352
0.3801801801801802,0.22966926407677746
0.380980980980981,0.23002345101712093
0.3817817817817818,0.23037735002331178
0.3825825825825826,0.230730961828898
0.3833833833833834,0.2310842871656509
0.3841841841841842,0.2314373267635678
0.384984984984985,0.2317900813508753
0.3857857857857858,0.23214255165403228
0.3865865865865866,0.2324947383977326
0.3873873873873874,0.23284664230490862
0.38818818818818823,0.2331982640967338
0.38898898898898904,0.23354960449262566
0.38978978978978984,0.23390066421024922
0.39059059059059065,0.2342514439655195
0.39139139139139145,0.23460194447260482
0.3921921921921922,0.23495216644392952
0.392992992992993,0.23530211059017744
0.3937937937937938,0.23565177762029424
0.3945945945945946,0.2360011682414909
0.3953953953953954,0.2363502831592465
0.3961961961961962,0.23669912307731109
0.396996996996997,0.23704768869770887
0.3977977977977978,0.23739598072074122
0.3985985985985986,0.23774399984498926
0.3993993993993994,0.2380917467673171
0.4002002002002002,0.238439222182875
0.401001001001001,0.23878642678510198
0.4018018018018018,0.23913336126572873
0.4026026026026026,0.23948002631478105
0.4034034034034034,0.23982642262058226
0.4042042042042042,0.24017255086975645
0.405005005005005,0.24051841174723138
0.40580580580580583,0.24086400593624138
0.40660660660660664,0.2412093341183303
0.40740740740740744,0.24155439697335446
0.40820820820820825,0.24189919517948552
0.40900900900900905,0.24224372941321365
0.40980980980980986,0.2425880003493501
0.41061061061061066,0.2429320086610304
0.41141141141141147,0.2432757550197172
0.41221221221221227,0.24361924009520325
0.4130130130130131,0.2439624645556141
0.4138138138138138,0.2443054290674113
0.41461461461461463,0.24464813429539525
0.41541541541541543,0.24499058090270792
0.41621621621621624,0.2453327695508359
0.41701701701701704,0.24567470089961352
0.41781781781781785,0.2460163756072253
0.4186186186186186,0.2463577943302091
0.4194194194194194,0.24669895772345926
0.4202202202202202,0.24703986644022893
0.421021021021021,0.24738052113213346
0.4218218218218218,0.24772092244915306
0.4226226226226226,0.24806107103963582
0.42342342342342343,0.2484009675503003
0.42422422422422423,0.24874061262623898
0.42502502502502504,0.24908000691092042
0.42582582582582584,0.24941915104619272
0.42662662662662665,0.24975804567228618
0.42742742742742745,0.25009669142781604
0.42822822822822826,0.2504350889497856
0.42902902902902906,0.2507732388735891
0.42982982982982987,0.25111114183301414
0.4306306306306307,0.25144879846024515
0.4314314314314315,0.2517862093858657
0.4322322322322323,0.2521233752388619
0.4330330330330331,0.2524602966466248
0.4338338338338339,0.25279697423495334
0.4346346346346347,0.2531334086280575
0.43543543543543545,0.25346960044856076
0.43623623623623625,0.2538055503175032
0.43703703703703706,0.2541412588543441
0.43783783783783786,0.25447672667696497
0.43863863863863867,0.2548119544016726
0.43943943943943947,0.25514694264320115
0.4402402402402402,0.2554816920147159
0.441041041041041,0.25581620312781544
0.44184184184184183,0.2561504765925347
0.44264264264264264,0.25648451301734776
0.44344344344344344,0.2568183130091708
0.44424424424424425,0.25715187717336474
0.44504504504504505,0.25748520611373793
0.44584584584584586,0.25781830043254944
0.44664664664664666,0.2581511607305114
0.44744744744744747,0.2584837876067921
0.44824824824824827,0.2588161816590185
0.4490490490490491,0.2591483434832793
0.4498498498498499,0.2594802736741277
0.4506506506506507,0.2598119728245841
0.4514514514514515,0.2601434415261389
0.4522522522522523,0.2604746803687555
0.4530530530530531,0.26080568994087266
0.45385385385385385,0.2611364708294077
0.45465465465465466,0.26146702361975915
0.45545545545545546,0.2617973488958094
0.45625625625625627,0.26212744723992776
0.45705705705705707,0.2624573192329728
0.4578578578578579,0.26278696545429564
0.4586586586586587,0.2631163864817424
0.4594594594594595,0.26344558289165687
0.4602602602602603,0.26377455525888366
0.4610610610610611,0.2641033041567707
0.4618618618618619,0.26443183015717187
0.4626626626626627,0.26476013383045016
0.4634634634634635,0.26508821574548
0.4642642642642643,0.26541607646965043
0.46506506506506506,0.26574371656886725
0.46586586586586587,0.2660711366075566
0.4666666666666667,0.266398337148667
0.4674674674674675,0.2667253187536722
0.4682682682682683,0.2670520819825744
0.4690690690690691,0.26737862739390633
0.4698698698698699,0.2677049555447345
0.4706706706706707,0.26803106699066165
0.4714714714714715,0.26835696228582945
0.4722722722722723,0.2686826419829216
0.4730730730730731,0.269008106633166
0.4738738738738739,0.26933335678633785
0.4746746746746747,0.2696583929907624
0.4754754754754755,0.26998321579331735
0.4762762762762763,0.27030782573943596
0.4770770770770771,0.27063222337310927
0.4778778778778779,0.27095640923688935
0.4786786786786787,0.2712803838718915
0.4794794794794795,0.27160414781779746
0.4802802802802803,0.2719277016128576
0.4810810810810811,0.27225104579389403
0.4818818818818819,0.2725741808963031
0.4826826826826827,0.27289710745405804
0.4834834834834835,0.2732198259997116
0.4842842842842843,0.2735423370643993
0.48508508508508513,0.2738646411778411
0.48588588588588594,0.2741867388683452
0.4866866866866867,0.2745086306628098
0.4874874874874875,0.2748303170867263
0.4882882882882883,0.27515179866418177
0.4890890890890891,0.27547307591786174
0.4898898898898899,0.2757941493690528
0.4906906906906907,0.27611501953764506
0.4914914914914915,0.2764356869421353
0.4922922922922923,0.2767561520996293
0.4930930930930931,0.2770764155258443
0.49389389389389393,0.2773964777351122
0.49469469469469474,0.27771633924038186
0.49549549549549554,0.27803600055322153
0.49629629629629635,0.2783554621838222
0.4970970970970971,0.2786747246409994
0.4978978978978979,0.27899378843219647
0.4986986986986987,0.27931265406348704
0.4994994994994995,0.2796313220395776
0.5003003003003004,0.27994979286380994
0.5011011011011011,0.28026806703816404
0.501901901901902,0.2805861450632609
0.5027027027027027,0.28090402743836473
0.5035035035035036,0.2812217146613856
0.5043043043043043,0.2815392072288824
0.5051051051051052,0.2818565056360655
0.5059059059059059,0.28217361037679856
0.5067067067067068,0.28249052194360214
0.5075075075075075,0.28280724082765574
0.5083083083083083,0.2831237675188008
0.5091091091091091,0.2834401025055426
0.5099099099099099,0.28375624627505375
0.5107107107107107,0.28407219931317623
0.5115115115115115,0.28438796210442396
0.5123123123123123,0.2847035351319858
0.5131131131131131,0.28501891887772773
0.513913913913914,0.2853341138221957
0.5147147147147147,0.2856491204446181
0.5155155155155156,0.28596393922290825
0.5163163163163164,0.2862785706336673
0.5171171171171172,0.2865930151521864
0.517917917917918,0.28690727325244975
0.5187187187187188,0.2872213454071365
0.5195195195195195,0.2875352320876242
0.5203203203203204,0.28784893376399057
0.5211211211211211,0.2881624509050164
0.521921921921922,0.2884757839781883
0.5227227227227227,0.28878893344970086
0.5235235235235236,0.28910189978445955
0.5243243243243243,0.289414683446083
0.5251251251251252,0.28972728489690586
0.5259259259259259,0.29003970459798106
0.5267267267267268,0.29035194300908235
0.5275275275275275,0.2906640005887072
0.5283283283283284,0.29097587779407924
0.5291291291291291,0.2912875750811501
0.5299299299299299,0.29159909290460306
0.5307307307307307,0.2919104317178548
0.5315315315315315,0.29222159197305825
0.5323323323323323,0.2925325741211049
0.5331331331331332,0.2928433786116277
0.533933933933934,0.29315400589300306
0.5347347347347348,0.293464456412354
0.5355355355355356,0.2937747306155521
0.5363363363363364,0.29408482894722016
0.5371371371371372,0.294394751850735
0.537937937937938,0.29470449976822966
0.5387387387387388,0.29501407314059613
0.5395395395395396,0.2953234724074876
0.5403403403403404,0.29563269800732117
0.5411411411411411,0.29594175037728004
0.541941941941942,0.29625062995331697
0.5427427427427427,0.29655933717015504
0.5435435435435436,0.2968678724612919
0.5443443443443443,0.2971762362590013
0.5451451451451452,0.29748442899433575
0.5459459459459459,0.297792451097129
0.5467467467467468,0.29810030299599877
0.5475475475475475,0.29840798511834865
0.5483483483483484,0.2987154978903714
0.5491491491491491,0.2990228417370506
0.5499499499499501,0.2993300170821638
0.5507507507507508,0.29963702434828443
0.5515515515515516,0.29994386395678463
0.5523523523523524,0.30025053632783766
0.5531531531531532,0.30055704188042015
0.553953953953954,0.30086338103231486
0.5547547547547548,0.30116955420011293
0.5555555555555556,0.30147556179921625
0.5563563563563564,0.3017814042438403
0.5571571571571572,0.3020870819470163
0.557957957957958,0.3023925953205933
0.5587587587587588,0.30269794477524165
0.5595595595595596,0.30300313072045437
0.5603603603603604,0.3033081535645501
0.5611611611611612,0.3036130137146756
0.561961961961962,0.3039177115768078
0.5627627627627627,0.30422224755575683
0.5635635635635636,0.30452662205516773
0.5643643643643643,0.30483083547752343
0.5651651651651652,0.305134888224147
0.5659659659659659,0.30543878069520375
0.5667667667667668,0.30574251328970437
0.5675675675675675,0.30604608640550657
0.5683683683683685,0.306349500439318
0.5691691691691692,0.30665275578669826
0.5699699699699701,0.306955852842062
0.5707707707707708,0.3072587919986802
0.5715715715715717,0.30756157364868386
0.5723723723723724,0.3078641981830653
0.5731731731731732,0.3081666659916813
0.573973973973974,0.3084689774632551
0.5747747747747748,0.3087711329853788
0.5755755755755756,0.309073132944516
0.5763763763763764,0.309374977726004
0.5771771771771772,0.3096766677140562
0.577977977977978,0.30997820329176434
0.5787787787787788,0.31027958484110124
0.5795795795795796,0.31058081274292293
0.5803803803803804,0.31088188737697087
0.5811811811811812,0.31118280912187474
0.581981981981982,0.31148357835515433
0.5827827827827828,0.3117841954532223
0.5835835835835836,0.31208466079138625
0.5843843843843843,0.3123849747438514
0.5851851851851853,0.31268513768372275
0.585985985985986,0.3129851499830069
0.5867867867867869,0.31328501201261577
0.5875875875875876,0.3135847241423674
0.5883883883883885,0.3138842867409895
0.5891891891891892,0.31418370017612085
0.5899899899899901,0.31448296481431454
0.5907907907907908,0.3147820810210395
0.5915915915915917,0.3150810491606834
0.5923923923923924,0.31537986959655473
0.5931931931931933,0.3156785426908851
0.593993993993994,0.3159770688048315
0.5947947947947948,0.31627544829847914
0.5955955955955956,0.3165736815308432
0.5963963963963964,0.316871768859871
0.5971971971971972,0.3171697106424453
0.597997997997998,0.3174675072343855
0.5987987987987988,0.31776515899045055
0.5995995995995996,0.31806266626434104
0.6004004004004004,0.3183600294087019
0.6012012012012012,0.3186572487751239
0.602002002002002,0.3189543247141469
0.6028028028028029,0.3192512575752614
0.6036036036036037,0.31954804770691125
0.6044044044044045,0.3198446954564958
0.6052052052052053,0.3201412011703722
0.606006006006006,0.32043756519385763
0.6068068068068069,0.3207337878712318
0.6076076076076076,0.321029869545739
0.6084084084084085,0.32132581055959036
0.6092092092092092,0.3216216112539663
0.6100100100100101,0.3219172719690191
0.6108108108108108,0.32221279304387385
0.6116116116116117,0.32250817481663274
0.6124124124124124,0.32280341762437553
0.6132132132132133,0.3230985218031629
0.614014014014014,0.3233934876880382
0.6148148148148149,0.32368831561302996
0.6156156156156156,0.3239830059111538
0.6164164164164164,0.3242775589144153
0.6172172172172172,0.3245719749538115
0.618018018018018,0.3248662543593338
0.6188188188188188,0.32516039745996994
0.6196196196196196,0.3254544045837059
0.6204204204204204,0.3257482760575287
0.6212212212212213,0.32604201220742846
0.6220220220220221,0.3263356133584006
0.6228228228228229,0.32662907983444783
0.6236236236236237,0.3269224119585828
0.6244244244244245,0.32721561005282995
0.6252252252252253,0.3275086744382282
0.6260260260260261,0.3278016054348326
0.6268268268268269,0.32809440336171697
0.6276276276276276,0.32838706853697586
0.6284284284284285,0.32867960127772716
0.6292292292292292,0.32897200190011366
0.6300300300300301,0.32926427071930586
0.6308308308308308,0.329556408049504
0.6316316316316317,0.32984841420393995
0.6324324324324324,0.3301402894948799
0.6332332332332333,0.33043203423362627
0.634034034034034,0.3307236487305198
0.6348348348348349,0.3310151332949423
0.6356356356356356,0.33130648823531794
0.6364364364364365,0.33159771385911635
0.6372372372372372,0.33188881047285407
0.638038038038038,0.33217977838209745
0.6388388388388389,0.332470617891464
0.6396396396396397,0.3327613293046252
0.6404404404404405,0.33305191292430864
0.6412412412412413,0.33334236905229975
0.6420420420420421,0.33363269798944445
0.6428428428428429,0.3339229000356509
0.6436436436436437,0.3342129754898921
0.6444444444444445,0.3345029246502077
0.6452452452452453,0.33479274781370644
0.6460460460460461,0.3350824452765678
0.6468468468468469,0.3353720173340448
0.6476476476476477,0.33566146428046595
0.6484484484484485,0.3359507864092369
0.6492492492492492,0.33623998401284333
0.6500500500500501,0.33652905738285266
0.6508508508508508,0.3368180068099162
0.6516516516516517,0.33710683258377144
0.6524524524524524,0.3373955349932441
0.6532532532532533,0.33768411432625034
0.654054054054054,0.3379725708697986
0.654854854854855,0.33826090490999217
0.6556556556556556,0.338549116732031
0.6564564564564566,0.338837206620214
0.6572572572572573,0.33912517485794086
0.6580580580580582,0.33941302172771465
0.6588588588588589,0.3397007475111433
0.6596596596596597,0.3399883524889427
0.6604604604604605,0.34027583694093744
0.6612612612612613,0.34056320114606414
0.6620620620620621,0.3408504453823729
0.6628628628628629,0.3411375699270297
0.6636636636636637,0.3414245750563182
0.6644644644644645,0.341711461045642
0.6652652652652653,0.34199822816952685
0.6660660660660661,0.34228487670162266
0.6668668668668669,0.34257140691470533
0.6676676676676677,0.34285781908067936
0.6684684684684685,0.3431441134705793
0.6692692692692693,0.34343029035457245
0.6700700700700701,0.34371635000196055
0.6708708708708708,0.34400229268118193
0.6716716716716717,0.34428811865981346
0.6724724724724724,0.34457382820457294
0.6732732732732734,0.3448594215813211
0.674074074074074,0.3451448990550632
0.674874874874875,0.34543026088995166
0.6756756756756757,0.34571550734928785
0.6764764764764766,0.3460006386955244
0.6772772772772773,0.3462856551902666
0.6780780780780782,0.34657055709427553
0.6788788788788789,0.3468553446674686
0.6796796796796798,0.34714001816892337
0.6804804804804805,0.34742457785687814
0.6812812812812813,0.3477090239887347
0.6820820820820821,0.3479933568210604
0.6828828828828829,0.3482775766095896
0.6836836836836837,0.3485616836092264
0.6844844844844845,0.3488456780740461
0.6852852852852853,0.349129560257298
0.6860860860860861,0.3494133304114063
0.6868868868868869,0.3496969887879732
0.6876876876876877,0.3499805356377802
0.6884884884884885,0.35026397121079045
0.6892892892892893,0.3505472957561508
0.6900900900900901,0.35083050952219347
0.690890890890891,0.3511136127564385
0.6916916916916918,0.3513966057055955
0.6924924924924925,0.3516794886155655
0.6932932932932934,0.35196226173144357
0.6940940940940941,0.3522449252975199
0.694894894894895,0.35252747955728264
0.6956956956956957,0.3528099247534192
0.6964964964964966,0.3530922611278192
0.6972972972972973,0.3533744889215752
0.6980980980980982,0.35365660837498564
0.6988988988988989,0.35393861972755636
0.6996996996996998,0.354220523218003
0.7005005005005005,0.35450231908425234
0.7013013013013014,0.35478400756344486
0.7021021021021021,0.3550655888919365
0.702902902902903,0.3553470633053005
0.7037037037037037,0.3556284310383296
0.7045045045045046,0.3559096923250379
0.7053053053053053,0.35619084739866247
0.7061061061061062,0.35647189649166644
0.7069069069069069,0.35675283983573913
0.7077077077077076,0.35703367766179983
0.7085085085085085,0.3573144101999986
0.7093093093093092,0.35759503767971873
0.7101101101101102,0.3578755603295786
0.7109109109109109,0.3581559783774332
0.7117117117117118,0.3584362920503768
0.7125125125125125,0.3587165015747441
0.7133133133133134,0.35899660717611315
0.7141141141141141,0.35927660907930625
0.714914914914915,0.35955650750839263
0.7157157157157157,0.3598363026866898
0.7165165165165166,0.36011599483676604
0.7173173173173173,0.36039558418044176
0.7181181181181182,0.360675070938792
0.7189189189189189,0.3609544553321476
0.7197197197197198,0.3612337375800983
0.7205205205205205,0.3615129179014931
0.7213213213213214,0.3617919965144436
0.7221221221221221,0.36207097363632484
0.722922922922923,0.36234984948377813
0.7237237237237237,0.3626286242727118
0.7245245245245246,0.36290729821830453
0.7253253253253253,0.363185871535006
0.7261261261261263,0.36346434443653935
0.726926926926927,0.3637427171359029
0.7277277277277279,0.3640209898453724
0.7285285285285286,0.3642991627765027
0.7293293293293293,0.3645772361401289
0.7301301301301302,0.36485521014636985
0.7309309309309309,0.3651330850046281
0.7317317317317318,0.36541086092359376
0.7325325325325325,0.36568853811124435
0.7333333333333334,0.3659661167748486
0.7341341341341341,0.36624359712096677
0.734934934934935,0.3665209793554535
0.7357357357357357,0.3667982636834591
0.7365365365365366,0.36707545030943173
0.7373373373373373,0.3673525394371191
0.7381381381381382,0.36762953126957065
0.7389389389389389,0.36790642600913837
0.7397397397397398,0.3681832238574805
0.7405405405405405,0.3684599250155611
0.7413413413413414,0.36873652968365417
0.7421421421421421,0.3690130380613436
0.742942942942943,0.36928945034752625
0.7437437437437437,0.36956576674041314
0.7445445445445447,0.36984198743753155
0.7453453453453454,0.3701181126357266
0.7461461461461463,0.37039414253116354
0.746946946946947,0.370670077319329
0.7477477477477479,0.37094591719503345
0.7485485485485486,0.3712216623524122
0.7493493493493495,0.37149731298492833
0.7501501501501502,0.37177286928537295
0.7509509509509509,0.37204833144586896
0.7517517517517518,0.37232369965787115
0.7525525525525525,0.3725989741121686
0.7533533533533534,0.3728741549988872
0.7541541541541541,0.3731492425074902
0.754954954954955,0.37342423682678094
0.7557557557557557,0.37369913814490396
0.7565565565565566,0.3739739466493478
0.7573573573573573,0.37424866252694533
0.7581581581581582,0.37452328596387735
0.7589589589589589,0.3747978171456722
0.7597597597597598,0.37507225625720997
0.7605605605605605,0.3753466034827219
0.7613613613613615,0.37562085900579406
0.7621621621621621,0.375895023009368
0.7629629629629631,0.3761690956757432
0.7637637637637638,0.37644307718657793
0.7645645645645647,0.3767169677228923
0.7653653653653654,0.3769907674650688
0.7661661661661663,0.37726447659285484
0.766966966966967,0.3775380952853642
0.7677677677677679,0.37781162372107896
0.7685685685685686,0.37808506207785075
0.7693693693693695,0.37835841053290353
0.7701701701701702,0.378631669262834
0.7709709709709711,0.37890483844361444
0.7717717717717718,0.3791779182505941
0.7725725725725725,0.3794509088585007
0.7733733733733734,0.3797238104414426
0.7741741741741741,0.37999662317291
0.774974974974975,0.3802693472257772
0.7757757757757757,0.3805419827723039
0.7765765765765766,0.3808145299841374
0.7773773773773773,0.38108698903231375
0.7781781781781782,0.3813593600872601
0.7789789789789789,0.3816316433187958
0.7797797797797799,0.3819038388961346
0.7805805805805806,0.38217594698788615
0.7813813813813815,0.3824479677620576
0.7821821821821822,0.38271990138605555
0.7829829829829831,0.3829917480266878
0.7837837837837838,0.3832635078501644
0.7845845845845847,0.38353518102210066
0.7853853853853854,0.38380676770751737
0.7861861861861863,0.38407826807084355
0.786986986986987,0.3843496822759173
0.7877877877877879,0.3846210104859887
0.7885885885885886,0.3848922528637199
0.7893893893893895,0.3851634095711884
0.7901901901901902,0.38543448076988757
0.7909909909909911,0.38570546662072885
0.7917917917917918,0.3859763672840433
0.7925925925925927,0.3862471829195835
0.7933933933933934,0.3865179136865245
0.7941941941941941,0.38678855974346676
0.794994994994995,0.38705912124843656
0.7957957957957957,0.38732959835888825
0.7965965965965967,0.38759999123170596
0.7973973973973973,0.3878703000232051
0.7981981981981983,0.38814052488913375
0.798998998998999,0.3884106659846754
0.7997997997997999,0.3886807234644488
0.8006006006006006,0.3889506974825115
0.8014014014014015,0.3892205881923601
0.8022022022022022,0.3894903957469326
0.8030030030030031,0.38976012029860985
0.8038038038038038,0.39002976199921696
0.8046046046046047,0.3902993210000257
0.8054054054054054,0.39056879745175505
0.8062062062062063,0.3908381915045739
0.807007007007007,0.3911075033081014
0.8078078078078079,0.39137673301141035
0.8086086086086086,0.391645880763027
0.8094094094094095,0.3919149467109338
0.8102102102102102,0.39218393100257065
0.8110110110110111,0.39245283378483664
0.8118118118118118,0.3927216552040915
0.8126126126126128,0.3929903954061575
0.8134134134134134,0.39325905453632054
0.8142142142142144,0.39352763273933217
0.815015015015015,0.3937961301594113
0.8158158158158157,0.3940645469402453
0.8166166166166167,0.39433288322499216
0.8174174174174174,0.39460113915628153
0.8182182182182183,0.3948693148762169
0.819019019019019,0.3951374105263765
0.8198198198198199,0.3954054262478155
0.8206206206206206,0.39567336218106747
0.8214214214214215,0.3959412184661456
0.8222222222222222,0.3962089952425444
0.8230230230230231,0.3964766926492419
0.8238238238238238,0.3967443108247003
0.8246246246246247,0.39701184990686805
0.8254254254254254,0.39727931003318157
0.8262262262262263,0.39754669134056614
0.827027027027027,0.3978139939654381
0.8278278278278279,0.3980812180437065
0.8286286286286286,0.3983483637107738
0.8294294294294295,0.39861543110153835
0.8302302302302302,0.39888242035039534
0.8310310310310312,0.3991493315912391
0.8318318318318318,0.39941616495746324
0.8326326326326328,0.3996829205819641
0.8334334334334335,0.3999495985971404
0.8342342342342344,0.40021619913489626
0.8350350350350351,0.40048272232664156
0.835835835835836,0.4007491683032947
0.8366366366366367,0.40101553719528304
0.8374374374374374,0.40128182913254473
0.8382382382382383,0.4015480442445307
0.839039039039039,0.40181418266020585
0.8398398398398399,0.4020802445080503
0.8406406406406406,0.40234622991606134
0.8414414414414415,0.4026121390117548
0.8422422422422422,0.40287797192216623
0.8430430430430431,0.4031437287738532
0.8438438438438438,0.403409409692896
0.8446446446446447,0.40367501480489965
0.8454454454454454,0.4039405442349949
0.8462462462462463,0.4042059981078405
0.847047047047047,0.40447137654762394
0.847847847847848,0.4047366796780631
0.8486486486486486,0.4050019076224083
0.8494494494494496,0.40526706050344324
0.8502502502502503,0.4055321384434864
0.8510510510510512,0.40579714156439306
0.8518518518518519,0.4060620699875562
0.8526526526526528,0.4063269238339082
0.8534534534534535,0.4065917032239228
0.8542542542542544,0.4068564082776156
0.8550550550550551,0.40712103911454656
0.855855855855856,0.4073855958538205
0.8566566566566567,0.40765007861408914
0.8574574574574576,0.4079144875135527
0.8582582582582583,0.4081788226699609
0.859059059059059,0.40844308420061476
0.8598598598598599,0.40870727222236775
0.8606606606606606,0.4089713868516277
0.8614614614614615,0.40923542820435754
0.8622622622622622,0.40949939639607746
0.8630630630630631,0.40976329154186614
0.8638638638638638,0.4100271137563618
0.8646646646646647,0.4102908631537643
0.8654654654654654,0.4105545398478361
0.8662662662662663,0.4108181439519035
0.867067067067067,0.4110816755788589
0.867867867867868,0.4113451348411615
0.8686686686686687,0.4116085218508388
0.8694694694694696,0.41187183671948857
0.8702702702702703,0.41213507955827916
0.8710710710710712,0.4123982504779526
0.8718718718718719,0.41266134958882406
0.8726726726726728,0.412924377000785
0.8734734734734735,0.41318733282330333
0.8742742742742744,0.41345021716542557
0.8750750750750751,0.4137130301357778
0.875875875875876,0.41397577184256745
0.8766766766766767,0.4142384423935844
0.8774774774774776,0.4145010418962025
0.8782782782782783,0.41476357045738066
0.8790790790790792,0.4150260281836654
0.8798798798798799,0.4152884151811901
0.8806806806806806,0.41555073155567873
0.8814814814814815,0.4158129774124455
0.8822822822822822,0.41607515285639723
0.8830830830830831,0.4163372579920342
0.8838838838838838,0.4165992929234517
0.8846846846846848,0.41686125775434163
0.8854854854854854,0.41712315258799343
0.8862862862862864,0.417384977527296
0.8870870870870871,0.41764673267473795
0.887887887887888,0.4179084181324109
0.8886886886886887,0.4181700340020088
0.8894894894894896,0.4184315803848306
0.8902902902902903,0.41869305738178086
0.8910910910910912,0.4189544650933717
0.8918918918918919,0.41921580361972377
0.8926926926926928,0.41947707306056786
0.8934934934934935,0.4197382735152456
0.8942942942942944,0.41999940508271205
0.8950950950950951,0.4202604678615354
0.895895895895896,0.42052146194989987
0.8966966966966967,0.420782387445606
0.8974974974974976,0.4210432444460724
0.8982982982982983,0.421304033048337
0.8990990990990992,0.4215647533490587
0.8998998998998999,0.42182540544451774
0.9007007007007009,0.42208598943061815
0.9015015015015015,0.4223465054028882
0.9023023023023022,0.42260695345648264
0.9031031031031032,0.4228673336861832
0.9039039039039038,0.4231276461863996
0.9047047047047048,0.42338789105117236
0.9055055055055055,0.42364806837417257
0.9063063063063064,0.42390817824870386
0.9071071071071071,0.4241682207677039
0.907907907907908,0.424428196023745
0.9087087087087087,0.42468810410903607
0.9095095095095096,0.4249479451154237
0.9103103103103103,0.4252077191343932
0.9111111111111112,0.42546742625707046
0.9119119119119119,0.42572706657422243
0.9127127127127128,0.42598664017625915
0.9135135135135135,0.4262461471532346
0.9143143143143144,0.42650558759484825
0.9151151151151151,0.42676496159044586
0.915915915915916,0.42702426922902126
0.9167167167167167,0.4272835105992176
0.9175175175175176,0.42754268578932836
0.9183183183183183,0.4278017948872981
0.9191191191191193,0.4280608379807253
0.91991991991992,0.4283198151568619
0.9207207207207209,0.42857872650261586
0.9215215215215216,0.42883757210455103
0.9223223223223225,0.4290963520488898
0.9231231231231232,0.42935506642151383
0.9239239239239239,0.4296137153079649
0.9247247247247248,0.42987229879344657
0.9255255255255255,0.43013081696282535
0.9263263263263264,0.4303892699006318
0.9271271271271271,0.43064765769106206
0.927927927927928,0.43090598041797873
0.9287287287287287,0.4311642381649124
0.9295295295295296,0.4314224310150623
0.9303303303303303,0.43168055905129854
0.9311311311311312,0.4319386223561625
0.9319319319319319,0.4321966210118679
0.9327327327327328,0.4324545551003033
0.9335335335335335,0.43271242470303145
0.9343343343343344,0.43297022990129197
0.9351351351351351,0.4332279707760022
0.935935935935936,0.43348564740775797
0.9367367367367367,0.433743259876835
0.9375375375375377,0.43400080826319054
0.9383383383383384,0.4342582926464639
0.9391391391391393,0.43451571310597814
0.93993993993994,0.4347730697207409
0.9407407407407409,0.4350303625694462
0.9415415415415416,0.43528759173047454
0.9423423423423425,0.4355447572818954
0.9431431431431432,0.43580185930146725
0.9439439439439441,0.43605889786663954
0.9447447447447448,0.43631587305455327
0.9455455455455455,0.43657278494204294
0.9463463463463464,0.436829633605637
0.9471471471471471,0.43708641912155893
0.947947947947948,0.43734314156572945
0.9487487487487487,0.4375998010137661
0.9495495495495496,0.43785639754098615
0.9503503503503503,0.4381129312224063
0.9511511511511512,0.4383694021327448
0.9519519519519519,0.4386258103464215
0.9527527527527528,0.4388821559375608
0.9535535535535535,0.43913843897999083
0.9543543543543545,0.43939465954724577
0.9551551551551551,0.43965081771256687
0.9559559559559561,0.439906913548903
0.9567567567567568,0.4401629471289127
0.9575575575575577,0.4404189185249644
0.9583583583583584,0.44067482780913825
0.9591591591591593,0.4409306750532267
0.95995995995996,0.4411864603287362
0.9607607607607609,0.4414421837068879
0.9615615615615616,0.44169784525861855
0.9623623623623625,0.4419534450545824
0.9631631631631632,0.44220898316515184
0.9639639639639641,0.4424644596604181
0.9647647647647648,0.4427198746101934
0.9655655655655657,0.4429752280840111
0.9663663663663664,0.44323052015112707
0.9671671671671671,0.44348575088052106
0.967967967967968,0.4437409203408978
0.9687687687687687,0.4439960286006875
0.9695695695695696,0.4442510757280476
0.9703703703703703,0.44450606179086355
0.9711711711711712,0.4447609868567503
0.9719719719719719,0.44501585099305246
0.9727727727727729,0.44527065426684653
0.9735735735735735,0.4455253967449412
0.9743743743743745,0.4457800784938785
0.9751751751751752,0.44603469957993525
0.9759759759759761,0.4462892600691241
0.9767767767767768,0.4465437600271939
0.9775775775775777,0.4467981995196319
0.9783783783783784,0.4470525786116636
0.9791791791791793,0.447306897368255
0.97997997997998,0.4475611558541125
0.9807807807807809,0.4478153541336852
0.9815815815815816,0.4480694922711646
0.9823823823823825,0.44832357033048675
0.9831831831831832,0.4485775883753328
0.9839839839839841,0.4488315464691302
0.9847847847847848,0.44908544467505374
0.9855855855855857,0.44933928305602605
0.9863863863863864,0.44959306167471974
0.9871871871871873,0.44984678059355754
0.987987987987988,0.4501004398747135
0.9887887887887887,0.45035403958011455
0.9895895895895896,0.4506075797714408
0.9903903903903903,0.45086106051012653
0.9911911911911913,0.4511144818573624
0.991991991991992,0.4513678438740949
0.9927927927927929,0.4516211466210286
0.9935935935935936,0.4518743901586262
0.9943943943943945,0.4521275745471104
0.9951951951951952,0.45238069984646423
0.9959959959959961,0.4526337661164326
0.9967967967967968,0.4528867734165229
0.9975975975975977,0.4531397218060063
0.9983983983983984,0.4533926113439182
0.9991991991991993,0.45364544208906016
1.0,0.4538982141
